{"cameraMode":{"drawMode":0,"name":"Shaded","section":"Shading Mode"},"sceneLighting":true,"audioPlay":false,"sceneViewState":{"showFog":true,"showMaterialUpdate":false,"showSkybox":true,"showFlares":true,"showImageEffects":true,"showParticleSystems":true},"in2DMode":false,"pivot":{"x":-195.4285888671875,"y":-84.6916732788086,"z":-9.784403800964356},"rotation":{"x":-0.13269025087356568,"y":-0.7015288472175598,"z":0.13550761342048646,"w":-0.6869435906410217},"size":5.819471836090088,"orthographic":false}