{"cameraMode":{"drawMode":0,"name":"Shaded","section":"Shading Mode"},"sceneLighting":false,"audioPlay":false,"sceneViewState":{"showFog":true,"showMaterialUpdate":false,"showSkybox":false,"showFlares":true,"showImageEffects":true,"showParticleSystems":true},"in2DMode":false,"pivot":{"x":303.29998779296877,"y":163.6300048828125,"z":-14.13249683380127},"rotation":{"x":-0.2942659556865692,"y":-0.46501803398132326,"z":0.1672772914171219,"w":-0.8180363178253174},"size":1.2247449159622193,"orthographic":false}