{"cameraMode":{"drawMode":0,"name":"Shaded","section":"Shading Mode"},"sceneLighting":true,"audioPlay":false,"sceneViewState":{"showFog":true,"showMaterialUpdate":false,"showSkybox":true,"showFlares":true,"showImageEffects":true,"showParticleSystems":true},"in2DMode":false,"pivot":{"x":101.42817687988281,"y":16.261734008789064,"z":29.183212280273439},"rotation":{"x":0.5099031329154968,"y":0.2786181569099426,"z":-0.17894063889980317,"w":0.7939509153366089},"size":50.09010314941406,"orthographic":false}