{"cameraMode":{"drawMode":0,"name":"Shaded","section":"Shading Mode"},"sceneLighting":true,"audioPlay":false,"sceneViewState":{"showFog":true,"showMaterialUpdate":false,"showSkybox":true,"showFlares":true,"showImageEffects":true,"showParticleSystems":true},"in2DMode":false,"pivot":{"x":30.770702362060548,"y":101.00672912597656,"z":-265.45758056640627},"rotation":{"x":0.33407583832740786,"y":0.6319273114204407,"z":-0.3480323255062103,"w":0.6066429615020752},"size":126.69660949707031,"orthographic":false}