{"cameraMode":{"drawMode":0,"name":"Shaded","section":"Shading Mode"},"sceneLighting":true,"audioPlay":false,"sceneViewState":{"showFog":true,"showMaterialUpdate":false,"showSkybox":true,"showFlares":true,"showImageEffects":true,"showParticleSystems":true},"in2DMode":false,"pivot":{"x":201.4622039794922,"y":107.68403625488281,"z":80.78462982177735},"rotation":{"x":-0.29884618520736697,"y":-0.050367433577775958,"z":0.015766585245728494,"w":-0.9528712630271912},"size":152.10264587402345,"orthographic":false}