{"cameraMode":{"drawMode":0,"name":"Shaded","section":"Shading Mode"},"sceneLighting":false,"audioPlay":false,"sceneViewState":{"showFog":true,"showMaterialUpdate":false,"showSkybox":false,"showFlares":true,"showImageEffects":true,"showParticleSystems":true},"in2DMode":false,"pivot":{"x":28.50051498413086,"y":-11.617110252380371,"z":-4.285294055938721},"rotation":{"x":-0.12914174795150758,"y":-0.7684570550918579,"z":0.16403359174728394,"w":-0.6049373149871826},"size":21.357322692871095,"orthographic":false}