{"cameraMode":{"drawMode":0,"name":"Shaded","section":"Shading Mode"},"sceneLighting":false,"audioPlay":false,"sceneViewState":{"showFog":true,"showMaterialUpdate":false,"showSkybox":false,"showFlares":true,"showImageEffects":true,"showParticleSystems":true},"in2DMode":false,"pivot":{"x":55.42357635498047,"y":82.81307220458985,"z":-9.504741668701172},"rotation":{"x":-0.027897410094738008,"y":0.02518700435757637,"z":-0.0007306778570637107,"w":-0.9993225932121277},"size":419.83770751953127,"orthographic":false}