{"cameraMode":{"drawMode":0,"name":"Shaded","section":"Shading Mode"},"sceneLighting":true,"audioPlay":false,"sceneViewState":{"showFog":true,"showMaterialUpdate":true,"showSkybox":true,"showFlares":true,"showImageEffects":true,"showParticleSystems":true},"in2DMode":false,"pivot":{"x":87.55443572998047,"y":63.7911376953125,"z":-13.08745002746582},"rotation":{"x":-0.07670322060585022,"y":-0.7525336742401123,"z":-0.08880288153886795,"w":0.6481835842132568},"size":11.393951416015625,"orthographic":false}