{"cameraMode":{"drawMode":0,"name":"Shaded","section":"Shading Mode"},"sceneLighting":true,"audioPlay":false,"sceneViewState":{"showFog":true,"showMaterialUpdate":true,"showSkybox":true,"showFlares":true,"showImageEffects":true,"showParticleSystems":true},"in2DMode":false,"pivot":{"x":149.71995544433595,"y":153.08682250976563,"z":-207.1429901123047},"rotation":{"x":0.278788685798645,"y":-0.710619330406189,"z":0.3791184425354004,"w":0.5232459306716919},"size":17.89903450012207,"orthographic":false}