{"cameraMode":{"drawMode":0,"name":"Shaded","section":"Shading Mode"},"sceneLighting":true,"audioPlay":false,"sceneViewState":{"showFog":true,"showMaterialUpdate":true,"showSkybox":true,"showFlares":true,"showImageEffects":true,"showParticleSystems":true},"in2DMode":false,"pivot":{"x":36.141334533691409,"y":54.43333435058594,"z":-18.559017181396486},"rotation":{"x":-0.27898192405700686,"y":-0.6483643054962158,"z":0.27748507261276247,"w":-0.6518298387527466},"size":6.196254730224609,"orthographic":false}