{"cameraMode":{"drawMode":0,"name":"Shaded","section":"Shading Mode"},"sceneLighting":true,"audioPlay":false,"sceneViewState":{"showFog":true,"showMaterialUpdate":false,"showSkybox":true,"showFlares":true,"showImageEffects":true,"showParticleSystems":true},"in2DMode":false,"pivot":{"x":47.734954833984378,"y":104.79898834228516,"z":0.7405328750610352},"rotation":{"x":0.33316558599472048,"y":0.632448673248291,"z":-0.3470839560031891,"w":0.6071433424949646},"size":30.791284561157228,"orthographic":false}