{"cameraMode":{"drawMode":0,"name":"Shaded","section":"Shading Mode"},"sceneLighting":true,"audioPlay":false,"sceneViewState":{"showFog":true,"showMaterialUpdate":false,"showSkybox":true,"showFlares":true,"showImageEffects":true,"showParticleSystems":true},"in2DMode":false,"pivot":{"x":67.90734100341797,"y":39.46763610839844,"z":-6.009733200073242},"rotation":{"x":-0.2842339277267456,"y":-0.06638583540916443,"z":0.019699914380908014,"w":-0.9562821388244629},"size":28.60711097717285,"orthographic":false}