{"cameraMode":{"drawMode":0,"name":"Shaded","section":"Shading Mode"},"sceneLighting":true,"audioPlay":false,"sceneViewState":{"showFog":true,"showMaterialUpdate":true,"showSkybox":true,"showFlares":true,"showImageEffects":true,"showParticleSystems":true},"in2DMode":false,"pivot":{"x":53.69696807861328,"y":93.80960083007813,"z":344.3123474121094},"rotation":{"x":0.03688500076532364,"y":-0.020004840567708017,"z":0.0008390767616219819,"w":0.9992188215255737},"size":235.2147216796875,"orthographic":false}