{"cameraMode":{"drawMode":0,"name":"Shaded","section":"Shading Mode"},"sceneLighting":true,"audioPlay":false,"sceneViewState":{"showFog":true,"showMaterialUpdate":false,"showSkybox":true,"showFlares":true,"showImageEffects":true,"showParticleSystems":true},"in2DMode":false,"pivot":{"x":30.135040283203126,"y":59.22520446777344,"z":8.153144836425782},"rotation":{"x":-0.02009209804236889,"y":-0.9736074805259705,"z":0.20690597593784333,"w":-0.09462647140026093},"size":13.397648811340332,"orthographic":false}