{"cameraMode":{"drawMode":0,"name":"Shaded","section":"Shading Mode"},"sceneLighting":true,"audioPlay":false,"sceneViewState":{"showFog":true,"showMaterialUpdate":true,"showSkybox":true,"showFlares":true,"showImageEffects":true,"showParticleSystems":true},"in2DMode":false,"pivot":{"x":10.461313247680664,"y":29.82524871826172,"z":283.8325500488281},"rotation":{"x":0.3427993953227997,"y":0.1300189048051834,"z":-0.04785314202308655,"w":0.9292436838150024},"size":48.08606719970703,"orthographic":false}