{"cameraMode":{"drawMode":0,"name":"Shaded","section":"Shading Mode"},"sceneLighting":true,"audioPlay":false,"sceneViewState":{"showFog":true,"showMaterialUpdate":false,"showSkybox":true,"showFlares":true,"showImageEffects":true,"showParticleSystems":true},"in2DMode":false,"pivot":{"x":75.49651336669922,"y":51.3112678527832,"z":-3.3799057006835939},"rotation":{"x":0.08706823736429215,"y":-0.9072958827018738,"z":0.33932751417160036,"w":0.2327423095703125},"size":21.136043548583986,"orthographic":false}