{"cameraMode":{"drawMode":0,"name":"Shaded","section":"Shading Mode"},"sceneLighting":false,"audioPlay":false,"sceneViewState":{"showFog":true,"showMaterialUpdate":false,"showSkybox":false,"showFlares":true,"showImageEffects":true,"showParticleSystems":true},"in2DMode":false,"pivot":{"x":304.9386901855469,"y":163.31744384765626,"z":-13.976805686950684},"rotation":{"x":0.2127739042043686,"y":0.17078372836112977,"z":-0.037763483822345737,"w":0.9613540172576904},"size":2.8212876319885256,"orthographic":false}