{"cameraMode":{"drawMode":0,"name":"Shaded","section":"Shading Mode"},"sceneLighting":true,"audioPlay":false,"sceneViewState":{"showFog":true,"showMaterialUpdate":false,"showSkybox":true,"showFlares":true,"showImageEffects":true,"showParticleSystems":true},"in2DMode":false,"pivot":{"x":10.271409034729004,"y":-5.258388042449951,"z":31.347389221191408},"rotation":{"x":0.24510543048381806,"y":-0.03749504312872887,"z":0.009517280384898186,"w":0.9687625765800476},"size":53.79969024658203,"orthographic":false}