{"cameraMode":{"drawMode":0,"name":"Shaded","section":"Shading Mode"},"sceneLighting":true,"audioPlay":false,"sceneViewState":{"showFog":true,"showMaterialUpdate":false,"showSkybox":true,"showFlares":true,"showImageEffects":true,"showParticleSystems":true},"in2DMode":false,"pivot":{"x":5.077578544616699,"y":2.089858055114746,"z":-26.52022933959961},"rotation":{"x":0.17088615894317628,"y":-0.3960086703300476,"z":0.07523494958877564,"w":0.8991098999977112},"size":10.364112854003907,"orthographic":false}