{"cameraMode":{"drawMode":0,"name":"Shaded","section":"Shading Mode"},"sceneLighting":true,"audioPlay":false,"sceneViewState":{"showFog":true,"showMaterialUpdate":false,"showSkybox":true,"showFlares":true,"showImageEffects":true,"showParticleSystems":true},"in2DMode":false,"pivot":{"x":60.66038131713867,"y":297.04522705078127,"z":28.875791549682618},"rotation":{"x":-0.2801221013069153,"y":0.7196716070175171,"z":-0.4600675404071808,"w":-0.4381464123725891},"size":2.8501834869384767,"orthographic":false}