{"cameraMode":{"drawMode":0,"name":"Shaded","section":"Shading Mode"},"sceneLighting":true,"audioPlay":false,"sceneViewState":{"showFog":true,"showMaterialUpdate":false,"showSkybox":true,"showFlares":true,"showImageEffects":true,"showParticleSystems":true},"in2DMode":false,"pivot":{"x":105.30534362792969,"y":57.07537841796875,"z":2.1110217571258547},"rotation":{"x":-0.37702056765556338,"y":-0.5772507786750794,"z":0.34040340781211855,"w":-0.6393458843231201},"size":19.086170196533204,"orthographic":false}