{"cameraMode":{"drawMode":0,"name":"Shaded","section":"Shading Mode"},"sceneLighting":true,"audioPlay":false,"sceneViewState":{"showFog":true,"showMaterialUpdate":false,"showSkybox":true,"showFlares":true,"showImageEffects":true,"showParticleSystems":true},"in2DMode":false,"pivot":{"x":-181.90274047851563,"y":-99.4178466796875,"z":141.594970703125},"rotation":{"x":-0.30991485714912417,"y":0.4150067865848541,"z":-0.15280841290950776,"w":-0.8416567444801331},"size":267.7023620605469,"orthographic":false}