{"cameraMode":{"drawMode":0,"name":"Shaded","section":"Shading Mode"},"sceneLighting":true,"audioPlay":false,"sceneViewState":{"showFog":true,"showMaterialUpdate":false,"showSkybox":true,"showFlares":true,"showImageEffects":true,"showParticleSystems":true},"in2DMode":false,"pivot":{"x":112.55901336669922,"y":15.688156127929688,"z":-101.07451629638672},"rotation":{"x":0.016419319435954095,"y":0.978737473487854,"z":-0.18510127067565919,"w":0.08716731518507004},"size":100.1907958984375,"orthographic":false}