{"cameraMode":{"drawMode":0,"name":"Shaded","section":"Shading Mode"},"sceneLighting":true,"audioPlay":false,"sceneViewState":{"showFog":true,"showMaterialUpdate":false,"showSkybox":true,"showFlares":true,"showImageEffects":true,"showParticleSystems":true},"in2DMode":false,"pivot":{"x":162.76409912109376,"y":170.93568420410157,"z":-85.94440460205078},"rotation":{"x":-0.2522825002670288,"y":0.04410429298877716,"z":-0.011511354707181454,"w":-0.9665796160697937},"size":8.393070220947266,"orthographic":false}