{"cameraMode":{"drawMode":0,"name":"Shaded","section":"Shading Mode"},"sceneLighting":true,"audioPlay":false,"sceneViewState":{"showFog":true,"showMaterialUpdate":false,"showSkybox":true,"showFlares":true,"showImageEffects":true,"showParticleSystems":true},"in2DMode":false,"pivot":{"x":58.309017181396487,"y":259.68341064453127,"z":152.07183837890626},"rotation":{"x":-0.5103166699409485,"y":-0.02527809701859951,"z":0.01500876434147358,"w":-0.859484076499939},"size":59.08487319946289,"orthographic":false}