{"cameraMode":{"drawMode":0,"name":"Shaded","section":"Shading Mode"},"sceneLighting":false,"audioPlay":false,"sceneViewState":{"showFog":true,"showMaterialUpdate":false,"showSkybox":false,"showFlares":true,"showImageEffects":true,"showParticleSystems":true},"in2DMode":false,"pivot":{"x":1282.01611328125,"y":452.7598876953125,"z":703.5941162109375},"rotation":{"x":-0.020861158147454263,"y":0.11402305215597153,"z":0.0023948729503899814,"w":0.9932584166526794},"size":1147.1773681640625,"orthographic":false}